rosbagTimestamp,voltages_count,voltages
1479505551097759635,1,[0.09803921729326248]
1479505551197758301,1,[0.09803921729326248]
1479505551297378861,1,[0.09803921729326248]
1479505551397288243,1,[0.09803921729326248]
1479505551497465577,1,[0.09803921729326248]
1479505551597326039,1,[0.0784313753247261]
1479505551697286763,1,[0.09803921729326248]
1479505551797471463,1,[0.09803921729326248]
1479505551897332026,1,[0.09803921729326248]
1479505551997344691,1,[0.09803921729326248]
1479505552097331660,1,[0.09803921729326248]
1479505552197307613,1,[0.09803921729326248]
1479505552297348397,1,[0.09803921729326248]
1479505552397267802,1,[0.09803921729326248]
1479505552497882269,1,[0.09803921729326248]
1479505552597343293,1,[0.09803921729326248]
1479505552697408265,1,[0.0784313753247261]
1479505552797616920,1,[0.0784313753247261]
1479505552897319115,1,[0.09803921729326248]
1479505552997289981,1,[0.09803921729326248]
1479505553097321609,1,[0.09803921729326248]
1479505553197966382,1,[0.09803921729326248]
1479505553297442424,1,[0.09803921729326248]
1479505553397225107,1,[0.09803921729326248]
1479505553497850603,1,[0.09803921729326248]
1479505553597500193,1,[0.09803921729326248]
1479505553697243775,1,[0.0784313753247261]
1479505553797242728,1,[0.09803921729326248]
1479505553897603577,1,[0.09803921729326248]
1479505553997570588,1,[0.09803921729326248]
1479505554097689759,1,[0.09803921729326248]
1479505554197327070,1,[0.0784313753247261]
1479505554297755434,1,[0.09803921729326248]
1479505554397632612,1,[0.09803921729326248]
1479505554497750222,1,[0.09803921729326248]
1479505554597775605,1,[0.0784313753247261]
1479505554697424878,1,[0.0784313753247261]
1479505554797697301,1,[0.0784313753247261]
1479505554897355060,1,[0.09803921729326248]
1479505554997176129,1,[0.09803921729326248]
1479505555097689111,1,[0.09803921729326248]
1479505555197606815,1,[0.0784313753247261]
1479505555297474594,1,[0.09803921729326248]
1479505555397877745,1,[0.0784313753247261]
1479505555497640482,1,[0.09803921729326248]
1479505555597271812,1,[0.09803921729326248]
1479505555697078789,1,[0.09803921729326248]
1479505555797144576,1,[0.09803921729326248]
1479505555897100652,1,[0.09803921729326248]
1479505555997609419,1,[0.09803921729326248]
1479505556097544702,1,[0.09803921729326248]
1479505556197461040,1,[0.09803921729326248]
1479505556296990971,1,[0.09803921729326248]
1479505556397035600,1,[0.0784313753247261]
1479505556498115586,1,[0.09803921729326248]
1479505556597398657,1,[0.09803921729326248]
1479505556697211564,1,[0.09803921729326248]
1479505556797018807,1,[0.09803921729326248]
1479505556897019129,1,[0.09803921729326248]
1479505556997506361,1,[0.0784313753247261]
1479505557097107232,1,[0.09803921729326248]
1479505557197006006,1,[0.0784313753247261]
1479505557297068300,1,[0.09803921729326248]
1479505557397087339,1,[0.09803921729326248]
1479505557496957927,1,[0.0784313753247261]
1479505557596975288,1,[0.09803921729326248]
1479505557696853768,1,[0.09803921729326248]
1479505557796850284,1,[0.09803921729326248]
1479505557896891252,1,[0.09803921729326248]
1479505557997016328,1,[0.09803921729326248]
1479505558097008776,1,[0.09803921729326248]
1479505558197017498,1,[0.09803921729326248]
1479505558296953640,1,[0.09803921729326248]
1479505558396885085,1,[0.09803921729326248]
1479505558496920680,1,[0.09803921729326248]
1479505558596806390,1,[0.09803921729326248]
1479505558696919393,1,[0.09803921729326248]
1479505558796870698,1,[0.0784313753247261]
1479505558896978029,1,[0.09803921729326248]
1479505558996895036,1,[0.09803921729326248]
1479505559097118166,1,[0.09803921729326248]
1479505559196853579,1,[0.0784313753247261]
1479505559296811168,1,[0.09803921729326248]
1479505559396865659,1,[0.09803921729326248]
1479505559497325225,1,[0.09803921729326248]
1479505559596799344,1,[0.0784313753247261]
1479505559696854546,1,[0.09803921729326248]
1479505559797603387,1,[0.09803921729326248]
1479505559896862050,1,[0.09803921729326248]
1479505559996863797,1,[0.09803921729326248]
1479505560097015308,1,[0.09803921729326248]
1479505560196916137,1,[0.09803921729326248]
1479505560296883643,1,[0.09803921729326248]
1479505560396716591,1,[0.09803921729326248]
1479505560496835546,1,[0.0784313753247261]
1479505560596916867,1,[0.09803921729326248]
1479505560697326138,1,[0.0784313753247261]
1479505560796705614,1,[0.09803921729326248]
1479505560896742054,1,[0.09803921729326248]
1479505560996679869,1,[0.09803921729326248]
1479505561096743158,1,[0.09803921729326248]
1479505561196648972,1,[0.09803921729326248]
1479505561296670875,1,[0.09803921729326248]
1479505561396829096,1,[0.09803921729326248]
1479505561496704773,1,[0.09803921729326248]
1479505561596604314,1,[0.09803921729326248]
1479505561696708190,1,[0.09803921729326248]
1479505561796773193,1,[0.09803921729326248]
1479505561896620373,1,[0.09803921729326248]
1479505561996681586,1,[0.09803921729326248]
1479505562096584528,1,[0.09803921729326248]
1479505562196778955,1,[0.09803921729326248]
1479505562296610921,1,[0.09803921729326248]
1479505562396577211,1,[0.09803921729326248]
1479505562496679724,1,[0.09803921729326248]
1479505562596611788,1,[0.09803921729326248]
1479505562696611520,1,[0.09803921729326248]
1479505562796574140,1,[0.0784313753247261]
1479505562896561724,1,[0.09803921729326248]
1479505562996797805,1,[0.09803921729326248]
1479505563096530808,1,[0.09803921729326248]
1479505563196692171,1,[0.09803921729326248]
1479505563296866361,1,[0.09803921729326248]
1479505563396735563,1,[0.09803921729326248]
1479505563496513050,1,[0.09803921729326248]
1479505563596685404,1,[0.09803921729326248]
1479505563696447120,1,[0.09803921729326248]
1479505563796689096,1,[0.09803921729326248]
1479505563896711677,1,[0.09803921729326248]
1479505563996619367,1,[0.0784313753247261]
1479505564096487378,1,[0.09803921729326248]
1479505564196881121,1,[0.09803921729326248]
1479505564296621825,1,[0.09803921729326248]
1479505564396534800,1,[0.09803921729326248]
1479505564496561236,1,[0.09803921729326248]
1479505564596603193,1,[0.09803921729326248]
1479505564696526469,1,[0.09803921729326248]
1479505564796499845,1,[0.0784313753247261]
1479505564896349130,1,[0.0784313753247261]
1479505564996582659,1,[0.09803921729326248]
1479505565096510576,1,[0.09803921729326248]
1479505565196506748,1,[0.09803921729326248]
1479505565296557298,1,[0.09803921729326248]
1479505565396367448,1,[0.09803921729326248]
1479505565496918551,1,[0.09803921729326248]
1479505565596423627,1,[0.09803921729326248]
1479505565696364942,1,[0.09803921729326248]
1479505565796318626,1,[0.09803921729326248]
1479505565896574826,1,[0.09803921729326248]
1479505565996381663,1,[0.09803921729326248]
1479505566096435731,1,[0.09803921729326248]
1479505566196379548,1,[0.09803921729326248]
1479505566296355879,1,[0.09803921729326248]
1479505566396557921,1,[0.09803921729326248]
1479505566496588974,1,[0.11764705926179886]
1479505566596524353,1,[0.09803921729326248]
1479505566696330413,1,[0.09803921729326248]
1479505566796616838,1,[0.09803921729326248]
1479505566896349562,1,[0.09803921729326248]
1479505566996328354,1,[0.09803921729326248]
1479505567096460725,1,[0.09803921729326248]
1479505567196627205,1,[0.09803921729326248]
1479505567296365575,1,[0.0784313753247261]
1479505567396360366,1,[0.09803921729326248]
1479505567496375479,1,[0.0784313753247261]
1479505567596528376,1,[0.09803921729326248]
1479505567696434247,1,[0.09803921729326248]
1479505567796361389,1,[0.09803921729326248]
1479505567896470953,1,[0.09803921729326248]
1479505567996327591,1,[0.09803921729326248]
1479505568096433779,1,[0.09803921729326248]
1479505568196333919,1,[0.09803921729326248]
1479505568296270005,1,[0.09803921729326248]
1479505568396162400,1,[0.09803921729326248]
1479505568496293907,1,[0.11764705926179886]
1479505568596366766,1,[0.09803921729326248]
1479505568696810266,1,[0.09803921729326248]
1479505568796286766,1,[0.09803921729326248]
1479505568896198746,1,[0.09803921729326248]
1479505568996170567,1,[0.09803921729326248]
1479505569096298944,1,[0.09803921729326248]
1479505569196257379,1,[0.09803921729326248]
1479505569296468915,1,[0.09803921729326248]
1479505569396193962,1,[0.09803921729326248]
1479505569496180963,1,[0.09803921729326248]
1479505569596411653,1,[0.09803921729326248]
1479505569696352638,1,[0.09803921729326248]
1479505569796260850,1,[0.09803921729326248]
1479505569896355719,1,[0.0784313753247261]
1479505569996271052,1,[0.09803921729326248]
1479505570096119849,1,[0.09803921729326248]
1479505570196085100,1,[0.09803921729326248]
1479505570296372875,1,[0.0784313753247261]
1479505570396068999,1,[0.09803921729326248]
1479505570496076242,1,[0.09803921729326248]
1479505570596216025,1,[0.09803921729326248]
1479505570696280194,1,[0.09803921729326248]
1479505570796101117,1,[0.09803921729326248]
1479505570896409059,1,[0.09803921729326248]
1479505570996147037,1,[0.0784313753247261]
1479505571096156091,1,[0.09803921729326248]
1479505571196153376,1,[0.09803921729326248]
1479505571295990574,1,[0.0784313753247261]
1479505571396187532,1,[0.09803921729326248]
1479505571496100537,1,[0.09803921729326248]
1479505571596059094,1,[0.09803921729326248]
1479505571696040477,1,[0.09803921729326248]
1479505571796076862,1,[0.09803921729326248]
1479505571896030924,1,[0.09803921729326248]
1479505571995947440,1,[0.09803921729326248]
1479505572096068668,1,[0.09803921729326248]
1479505572196070769,1,[0.09803921729326248]
1479505572296025964,1,[0.09803921729326248]
1479505572396155291,1,[0.09803921729326248]
1479505572495977418,1,[0.09803921729326248]
1479505572595931248,1,[0.09803921729326248]
1479505572695968810,1,[0.09803921729326248]
1479505572796030145,1,[0.09803921729326248]
1479505572895940351,1,[0.0784313753247261]
1479505572995921456,1,[0.09803921729326248]
1479505573095906858,1,[0.09803921729326248]
1479505573196139175,1,[0.0784313753247261]
1479505573296108821,1,[0.09803921729326248]
1479505573396002744,1,[0.09803921729326248]
1479505573495887282,1,[0.0784313753247261]
1479505573595913533,1,[0.09803921729326248]
1479505573696089690,1,[0.09803921729326248]
1479505573795930584,1,[0.09803921729326248]
1479505573896143882,1,[0.11764705926179886]
1479505573995966386,1,[0.09803921729326248]
1479505574095755064,1,[0.09803921729326248]
1479505574196091489,1,[0.09803921729326248]
1479505574295903872,1,[0.0784313753247261]
1479505574395784372,1,[0.0784313753247261]
1479505574495928433,1,[0.09803921729326248]
1479505574595817177,1,[0.09803921729326248]
1479505574695791909,1,[0.09803921729326248]
1479505574795806263,1,[0.09803921729326248]
1479505574895815265,1,[0.09803921729326248]
1479505574995866376,1,[0.09803921729326248]
1479505575095854956,1,[0.09803921729326248]
1479505575195794046,1,[0.09803921729326248]
1479505575295894762,1,[0.09803921729326248]
1479505575395736554,1,[0.09803921729326248]
1479505575496105452,1,[0.09803921729326248]
1479505575595850737,1,[0.09803921729326248]
1479505575695708874,1,[0.09803921729326248]
1479505575795808572,1,[0.09803921729326248]
1479505575896138204,1,[0.09803921729326248]
1479505575995741273,1,[0.0784313753247261]
1479505576095805064,1,[0.09803921729326248]
1479505576195886801,1,[0.09803921729326248]
1479505576296143570,1,[0.09803921729326248]
1479505576395946503,1,[0.09803921729326248]
1479505576495779722,1,[0.09803921729326248]
1479505576595838075,1,[0.09803921729326248]
1479505576695710077,1,[0.09803921729326248]
1479505576795869776,1,[0.09803921729326248]
1479505576895841367,1,[0.09803921729326248]
1479505576995685744,1,[0.09803921729326248]
1479505577095998472,1,[0.09803921729326248]
1479505577195705814,1,[0.09803921729326248]
1479505577295636874,1,[0.09803921729326248]
1479505577395734725,1,[0.09803921729326248]
1479505577495821121,1,[0.09803921729326248]
1479505577595851454,1,[0.09803921729326248]
1479505577695642437,1,[0.09803921729326248]
1479505577795599311,1,[0.0784313753247261]
1479505577895607388,1,[0.09803921729326248]
1479505577995637521,1,[0.0784313753247261]
1479505578095588406,1,[0.09803921729326248]
1479505578195557325,1,[0.09803921729326248]
1479505578295553227,1,[0.09803921729326248]
1479505578395632023,1,[0.09803921729326248]
1479505578495576622,1,[0.09803921729326248]
1479505578595870066,1,[0.0784313753247261]
1479505578695613344,1,[0.09803921729326248]
1479505578795521758,1,[0.09803921729326248]
1479505578895802996,1,[0.09803921729326248]
1479505578995581325,1,[0.09803921729326248]
1479505579095469761,1,[0.09803921729326248]
1479505579195740063,1,[0.09803921729326248]
1479505579295520871,1,[0.09803921729326248]
1479505579395610107,1,[0.09803921729326248]
1479505579495509905,1,[0.05882352963089943]
1479505579595594338,1,[0.09803921729326248]
1479505579695462990,1,[0.09803921729326248]
1479505579795454635,1,[0.0784313753247261]
1479505579895668359,1,[0.09803921729326248]
1479505579995600322,1,[0.09803921729326248]
1479505580095575689,1,[0.09803921729326248]
1479505580195956058,1,[0.09803921729326248]
1479505580295478822,1,[0.09803921729326248]
1479505580395566195,1,[0.09803921729326248]
1479505580495624929,1,[0.09803921729326248]
1479505580595582547,1,[0.09803921729326248]
1479505580695620445,1,[0.09803921729326248]
1479505580795496450,1,[0.09803921729326248]
1479505580895596098,1,[0.09803921729326248]
1479505580995537060,1,[0.09803921729326248]
1479505581095542599,1,[0.09803921729326248]
1479505581195457108,1,[0.09803921729326248]
1479505581295461689,1,[0.09803921729326248]
1479505581395583546,1,[0.09803921729326248]
1479505581495389912,1,[0.09803921729326248]
1479505581595334959,1,[0.09803921729326248]
1479505581695526905,1,[0.09803921729326248]
1479505581795832221,1,[0.09803921729326248]
1479505581895367286,1,[0.0784313753247261]
1479505581995575876,1,[0.09803921729326248]
1479505582095533667,1,[0.09803921729326248]
1479505582195595370,1,[0.09803921729326248]
1479505582295331479,1,[0.09803921729326248]
1479505582395470734,1,[0.09803921729326248]
1479505582495330536,1,[0.09803921729326248]
1479505582595340490,1,[0.0784313753247261]
1479505582695322236,1,[0.09803921729326248]
1479505582795328975,1,[0.09803921729326248]
1479505582895256544,1,[0.09803921729326248]
1479505582995279911,1,[0.09803921729326248]
1479505583095415169,1,[0.09803921729326248]
1479505583195316124,1,[0.11764705926179886]
1479505583295363502,1,[0.0784313753247261]
1479505583395309311,1,[0.09803921729326248]
1479505583495277355,1,[0.09803921729326248]
1479505583595382325,1,[0.0784313753247261]
1479505583695262600,1,[0.09803921729326248]
1479505583795620557,1,[0.0784313753247261]
1479505583895404679,1,[0.09803921729326248]
1479505583995444850,1,[0.09803921729326248]
1479505584095274686,1,[0.0784313753247261]
1479505584195423984,1,[0.09803921729326248]
1479505584295292441,1,[0.09803921729326248]
1479505584395183613,1,[0.0784313753247261]
1479505584495210518,1,[0.09803921729326248]
1479505584595292128,1,[0.09803921729326248]
1479505584695228362,1,[0.0784313753247261]
1479505584795231074,1,[0.09803921729326248]
1479505584895152105,1,[0.11764705926179886]
1479505584995168935,1,[0.0784313753247261]
1479505585095111969,1,[0.09803921729326248]
1479505585195203495,1,[0.0784313753247261]
1479505585295088602,1,[0.09803921729326248]
1479505585395218159,1,[0.0784313753247261]
1479505585495119696,1,[0.09803921729326248]
1479505585595194797,1,[0.09803921729326248]
1479505585695058290,1,[0.09803921729326248]
1479505585795041450,1,[0.09803921729326248]
1479505585895078068,1,[0.0784313753247261]
1479505585995174426,1,[0.09803921729326248]
1479505586095006417,1,[0.09803921729326248]
1479505586195066068,1,[0.09803921729326248]
1479505586295230698,1,[0.09803921729326248]
1479505586395130177,1,[0.09803921729326248]
1479505586495123964,1,[0.09803921729326248]
1479505586595155435,1,[0.09803921729326248]
1479505586695146159,1,[0.09803921729326248]
1479505586795265739,1,[0.09803921729326248]
1479505586895023753,1,[0.0784313753247261]
1479505586995507854,1,[0.0784313753247261]
1479505587095062630,1,[0.09803921729326248]
1479505587195067946,1,[0.0784313753247261]
1479505587295140592,1,[0.09803921729326248]
1479505587395093486,1,[0.0784313753247261]
1479505587495076475,1,[0.09803921729326248]
1479505587595087106,1,[0.0784313753247261]
1479505587695053780,1,[0.0784313753247261]
1479505587795133961,1,[0.0784313753247261]
1479505587895027436,1,[0.09803921729326248]
1479505587995078546,1,[0.09803921729326248]
1479505588095127067,1,[0.09803921729326248]
1479505588194977819,1,[0.09803921729326248]
1479505588295067293,1,[0.09803921729326248]
1479505588394968399,1,[0.09803921729326248]
1479505588495081718,1,[0.09803921729326248]
1479505588595592959,1,[0.09803921729326248]
1479505588695131813,1,[0.13725490868091583]
1479505588794906281,1,[0.09803921729326248]
1479505588895085847,1,[0.0784313753247261]
1479505588995001132,1,[0.09803921729326248]
1479505589095273614,1,[0.09803921729326248]
1479505589195151691,1,[0.0784313753247261]
1479505589294917479,1,[0.09803921729326248]
1479505589394887102,1,[0.09803921729326248]
1479505589494918896,1,[0.0784313753247261]
1479505589595063686,1,[0.09803921729326248]
1479505589695036677,1,[0.0784313753247261]
1479505589794795562,1,[0.09803921729326248]
1479505589894892995,1,[0.09803921729326248]
1479505589999288341,1,[0.0784313753247261]
1479505590094923099,1,[0.09803921729326248]
1479505590195121322,1,[0.0784313753247261]
1479505590294880763,1,[0.09803921729326248]
1479505590394997290,1,[0.09803921729326248]
1479505590494937185,1,[0.0784313753247261]
1479505590594838054,1,[0.0784313753247261]
1479505590694857958,1,[0.09803921729326248]
1479505590794939019,1,[0.09803921729326248]
1479505590894837826,1,[0.0784313753247261]
1479505590994762728,1,[0.0784313753247261]
1479505591095168981,1,[0.09803921729326248]
1479505591194959094,1,[0.09803921729326248]
1479505591294774047,1,[0.09803921729326248]
1479505591394886498,1,[0.0784313753247261]
1479505591495059022,1,[0.09803921729326248]
1479505591594757610,1,[0.09803921729326248]
1479505591694857010,1,[0.09803921729326248]
1479505591794945370,1,[0.09803921729326248]
1479505591894998004,1,[0.09803921729326248]
1479505591994812174,1,[0.09803921729326248]
1479505592094716644,1,[0.09803921729326248]
1479505592194935342,1,[0.0784313753247261]
1479505592294744485,1,[0.11764705926179886]
1479505592394802731,1,[0.05882352963089943]
1479505592494999293,1,[0.09803921729326248]
1479505592595007816,1,[0.09803921729326248]
1479505592694758864,1,[0.09803921729326248]
1479505592795144082,1,[0.0784313753247261]
1479505592894815855,1,[0.09803921729326248]
1479505592994673911,1,[0.09803921729326248]
1479505593094801408,1,[0.09803921729326248]
1479505593194709287,1,[0.09803921729326248]
1479505593295025405,1,[0.09803921729326248]
1479505593394833553,1,[0.09803921729326248]
1479505593494716290,1,[0.09803921729326248]
1479505593594653855,1,[0.09803921729326248]
1479505593694770893,1,[0.09803921729326248]
1479505593794516697,1,[0.09803921729326248]
1479505593894615559,1,[0.09803921729326248]
1479505593994761483,1,[0.09803921729326248]
1479505594095082689,1,[0.11764705926179886]
1479505594194623460,1,[0.09803921729326248]
1479505594294556168,1,[0.09803921729326248]
1479505594394659475,1,[0.09803921729326248]
1479505594494811058,1,[0.09803921729326248]
1479505594594563227,1,[0.09803921729326248]
1479505594694635782,1,[0.09803921729326248]
1479505594794613236,1,[0.09803921729326248]
1479505594894686704,1,[0.09803921729326248]
1479505594994687514,1,[0.09803921729326248]
1479505595094730482,1,[0.09803921729326248]
1479505595194579859,1,[0.09803921729326248]
1479505595294586231,1,[0.09803921729326248]
1479505595394611372,1,[0.09803921729326248]
1479505595494432442,1,[0.09803921729326248]
1479505595594685460,1,[0.09803921729326248]
1479505595694553779,1,[0.09803921729326248]
1479505595794526059,1,[0.09803921729326248]
1479505595894598276,1,[0.09803921729326248]
1479505595994458650,1,[0.09803921729326248]
1479505596094952308,1,[0.0784313753247261]
1479505596194500120,1,[0.09803921729326248]
1479505596294579303,1,[0.09803921729326248]
1479505596394666977,1,[0.0784313753247261]
1479505596494614083,1,[0.09803921729326248]
1479505596594530848,1,[0.09803921729326248]
1479505596694462680,1,[0.09803921729326248]
1479505596794553939,1,[0.0784313753247261]
1479505596894510760,1,[0.09803921729326248]
1479505596994527232,1,[0.09803921729326248]
1479505597094433105,1,[0.09803921729326248]
1479505597194539544,1,[0.09803921729326248]
1479505597294445992,1,[0.09803921729326248]
1479505597394383943,1,[0.09803921729326248]
1479505597494452047,1,[0.09803921729326248]
1479505597594534857,1,[0.09803921729326248]
1479505597694293689,1,[0.09803921729326248]
1479505597794558975,1,[0.09803921729326248]
1479505597894295517,1,[0.09803921729326248]
1479505597994471938,1,[0.09803921729326248]
1479505598094319264,1,[0.09803921729326248]
1479505598194492945,1,[0.0784313753247261]
1479505598294374152,1,[0.09803921729326248]
1479505598394375694,1,[0.09803921729326248]
1479505598494340416,1,[0.09803921729326248]
1479505598594423443,1,[0.09803921729326248]
1479505598694317382,1,[0.09803921729326248]
1479505598794378140,1,[0.09803921729326248]
1479505598894301271,1,[0.09803921729326248]
1479505598994283363,1,[0.09803921729326248]
1479505599094286702,1,[0.09803921729326248]
1479505599194342416,1,[0.09803921729326248]
1479505599294373030,1,[0.09803921729326248]
1479505599394447546,1,[0.09803921729326248]
1479505599494419682,1,[0.09803921729326248]
1479505599594491880,1,[0.09803921729326248]
1479505599694430449,1,[0.11764705926179886]
1479505599794373100,1,[0.0784313753247261]
1479505599894170197,1,[0.09803921729326248]
1479505599994276814,1,[0.09803921729326248]
1479505600094482452,1,[0.09803921729326248]
1479505600194207339,1,[0.0784313753247261]
1479505600294225353,1,[0.09803921729326248]
1479505600394347531,1,[0.09803921729326248]
1479505600494338867,1,[0.09803921729326248]
1479505600594331368,1,[0.09803921729326248]
1479505600694195270,1,[0.09803921729326248]
1479505600794395029,1,[0.09803921729326248]
1479505600894302717,1,[0.09803921729326248]
1479505600994179368,1,[0.09803921729326248]
1479505601094273623,1,[0.09803921729326248]
1479505601194598632,1,[0.09803921729326248]
1479505601294362977,1,[0.09803921729326248]
1479505601394682626,1,[0.09803921729326248]
1479505601494208166,1,[0.09803921729326248]
1479505601594226865,1,[0.0784313753247261]
1479505601694120974,1,[0.09803921729326248]
1479505601794206332,1,[0.0784313753247261]
1479505601894184335,1,[0.09803921729326248]
1479505601994101692,1,[0.09803921729326248]
1479505602094284347,1,[0.09803921729326248]
1479505602194286150,1,[0.09803921729326248]
1479505602294083520,1,[0.09803921729326248]
1479505602394086799,1,[0.09803921729326248]
1479505602494078350,1,[0.09803921729326248]
1479505602594084415,1,[0.09803921729326248]
1479505602694126741,1,[0.09803921729326248]
1479505602794148329,1,[0.09803921729326248]
1479505602894035026,1,[0.09803921729326248]
1479505602994368762,1,[0.09803921729326248]
1479505603094273751,1,[0.09803921729326248]
1479505603194333761,1,[0.09803921729326248]
1479505603294135113,1,[0.09803921729326248]
1479505603394163194,1,[0.09803921729326248]
1479505603493998575,1,[0.09803921729326248]
1479505603594135058,1,[0.09803921729326248]
1479505603694095064,1,[0.09803921729326248]
1479505603794053253,1,[0.09803921729326248]
1479505603893993737,1,[0.09803921729326248]
1479505603994040268,1,[0.09803921729326248]
1479505604094046290,1,[0.09803921729326248]
1479505604194070204,1,[0.09803921729326248]
1479505604294336958,1,[0.09803921729326248]
1479505604394103089,1,[0.09803921729326248]
1479505604494115368,1,[0.09803921729326248]
1479505604594003152,1,[0.09803921729326248]
1479505604694141470,1,[0.09803921729326248]
1479505604793950663,1,[0.09803921729326248]
1479505604893978593,1,[0.09803921729326248]
1479505604994078768,1,[0.09803921729326248]
1479505605093996276,1,[0.09803921729326248]
1479505605193971567,1,[0.11764705926179886]
1479505605294002487,1,[0.05882352963089943]
1479505605393854609,1,[0.09803921729326248]
1479505605493881817,1,[0.0784313753247261]
1479505605593906911,1,[0.09803921729326248]
1479505605693819703,1,[0.09803921729326248]
1479505605794014596,1,[0.09803921729326248]
1479505605893906766,1,[0.09803921729326248]
1479505605993851068,1,[0.09803921729326248]
1479505606093981375,1,[0.09803921729326248]
1479505606194104292,1,[0.09803921729326248]
1479505606293873142,1,[0.09803921729326248]
1479505606393866606,1,[0.09803921729326248]
1479505606493854513,1,[0.09803921729326248]
1479505606593986436,1,[0.09803921729326248]
1479505606693958745,1,[0.09803921729326248]
1479505606793843794,1,[0.09803921729326248]
1479505606893927457,1,[0.09803921729326248]
1479505606993755003,1,[0.09803921729326248]
1479505607093857270,1,[0.11764705926179886]
1479505607193758803,1,[0.09803921729326248]
1479505607293784080,1,[0.0784313753247261]
1479505607393835823,1,[0.09803921729326248]
1479505607494034414,1,[0.0784313753247261]
1479505607593996340,1,[0.09803921729326248]
1479505607693762000,1,[0.09803921729326248]
1479505607793850307,1,[0.09803921729326248]
1479505607893841746,1,[0.09803921729326248]
1479505607993755187,1,[0.0784313753247261]
1479505608093919304,1,[0.09803921729326248]
1479505608193956360,1,[0.09803921729326248]
1479505608293904013,1,[0.09803921729326248]
1479505608393765176,1,[0.0784313753247261]
1479505608493652649,1,[0.09803921729326248]
1479505608593764633,1,[0.09803921729326248]
1479505608693849643,1,[0.09803921729326248]
1479505608793907710,1,[0.0784313753247261]
1479505608893716011,1,[0.11764705926179886]
1479505608993876969,1,[0.13725490868091583]
1479505609093859730,1,[0.0784313753247261]
1479505609193930428,1,[0.09803921729326248]
1479505609293706839,1,[0.09803921729326248]
1479505609394043416,1,[0.09803921729326248]
1479505609493807455,1,[0.09803921729326248]
1479505609593792602,1,[0.09803921729326248]
1479505609693823083,1,[0.09803921729326248]
1479505609793714684,1,[0.09803921729326248]
1479505609893711602,1,[0.09803921729326248]
1479505609993841358,1,[0.09803921729326248]
1479505610093698414,1,[0.09803921729326248]
1479505610193715927,1,[0.09803921729326248]
1479505610294118127,1,[0.09803921729326248]
1479505610393730738,1,[0.09803921729326248]
1479505610493695335,1,[0.09803921729326248]
1479505610593736095,1,[0.09803921729326248]
1479505610693731457,1,[0.09803921729326248]
1479505610793563030,1,[0.09803921729326248]
1479505610893622575,1,[0.09803921729326248]
1479505610993522457,1,[0.0784313753247261]
1479505611093698943,1,[0.09803921729326248]
1479505611193585352,1,[0.09803921729326248]
1479505611293637649,1,[0.09803921729326248]
1479505611393462267,1,[0.09803921729326248]
1479505611493572289,1,[0.09803921729326248]
1479505611593622897,1,[0.09803921729326248]
1479505611693762006,1,[0.09803921729326248]
1479505611793628615,1,[0.09803921729326248]
1479505611893493644,1,[0.09803921729326248]
1479505611993506928,1,[0.09803921729326248]
1479505612094083429,1,[0.09803921729326248]
1479505612193473643,1,[0.0784313753247261]
1479505612293518960,1,[0.09803921729326248]
1479505612393590915,1,[0.09803921729326248]
1479505612493475455,1,[0.09803921729326248]
1479505612593394160,1,[0.09803921729326248]
1479505612693369760,1,[0.09803921729326248]
1479505612793445082,1,[0.0784313753247261]
1479505612893457532,1,[0.09803921729326248]
1479505612993605404,1,[0.09803921729326248]
1479505613093624421,1,[0.09803921729326248]
1479505613193327998,1,[0.09803921729326248]
1479505613293403736,1,[0.09803921729326248]
1479505613393603824,1,[0.09803921729326248]
1479505613493492585,1,[0.0784313753247261]
1479505613593396444,1,[0.0784313753247261]
1479505613693311805,1,[0.09803921729326248]
1479505613793314770,1,[0.09803921729326248]
1479505613893393585,1,[0.09803921729326248]
1479505613993315441,1,[0.09803921729326248]
1479505614093559613,1,[0.09803921729326248]
1479505614193518208,1,[0.09803921729326248]
1479505614293445052,1,[0.09803921729326248]
1479505614393468813,1,[0.09803921729326248]
1479505614493483954,1,[0.0784313753247261]
1479505614593333342,1,[0.09803921729326248]
1479505614693418941,1,[0.0784313753247261]
1479505614793405701,1,[0.0784313753247261]
1479505614893380872,1,[0.09803921729326248]
1479505614993255601,1,[0.09803921729326248]
1479505615093360782,1,[0.09803921729326248]
1479505615193510872,1,[0.09803921729326248]
1479505615293390252,1,[0.0784313753247261]
1479505615393464707,1,[0.09803921729326248]
1479505615493754196,1,[0.09803921729326248]
1479505615593271578,1,[0.09803921729326248]
1479505615693407518,1,[0.09803921729326248]
1479505615793394037,1,[0.09803921729326248]
1479505615893309077,1,[0.09803921729326248]
1479505615993367127,1,[0.09803921729326248]
1479505616093263253,1,[0.09803921729326248]
1479505616193201436,1,[0.09803921729326248]
1479505616293711640,1,[0.11764705926179886]
1479505616393220918,1,[0.0784313753247261]
1479505616493246598,1,[0.0784313753247261]
1479505616593273153,1,[0.09803921729326248]
1479505616693191535,1,[0.09803921729326248]
1479505616793221914,1,[0.09803921729326248]
1479505616893276017,1,[0.0784313753247261]
1479505616993296152,1,[0.09803921729326248]
1479505617093149469,1,[0.09803921729326248]
1479505617193218853,1,[0.09803921729326248]
1479505617293395135,1,[0.09803921729326248]
1479505617393632121,1,[0.09803921729326248]
1479505617493211563,1,[0.09803921729326248]
1479505617593063377,1,[0.09803921729326248]
1479505617693222488,1,[0.09803921729326248]
1479505617793144935,1,[0.09803921729326248]
1479505617893134096,1,[0.09803921729326248]
1479505617993145453,1,[0.09803921729326248]
1479505618093380438,1,[0.09803921729326248]
1479505618193587224,1,[0.09803921729326248]
1479505618293028252,1,[0.09803921729326248]
1479505618393214771,1,[0.0784313753247261]
1479505618493452546,1,[0.0784313753247261]
1479505618593156882,1,[0.0784313753247261]
1479505618693472799,1,[0.0784313753247261]
1479505618793389094,1,[0.0784313753247261]
1479505618893203071,1,[0.0784313753247261]
1479505618993090782,1,[0.09803921729326248]
1479505619093278223,1,[0.09803921729326248]
1479505619193061519,1,[0.09803921729326248]
1479505619293083972,1,[0.09803921729326248]
1479505619393180463,1,[0.09803921729326248]
1479505619493080801,1,[0.0784313753247261]
1479505619592977902,1,[0.09803921729326248]
1479505619693151343,1,[0.09803921729326248]
1479505619793221737,1,[0.0784313753247261]
1479505619893125014,1,[0.09803921729326248]
1479505619992995236,1,[0.09803921729326248]
1479505620093467446,1,[0.11764705926179886]
1479505620194028273,1,[0.09803921729326248]
1479505620293471522,1,[0.0784313753247261]
1479505620393420190,1,[0.09803921729326248]
1479505620493003557,1,[0.09803921729326248]
1479505620593001686,1,[0.09803921729326248]
1479505620692995156,1,[0.0784313753247261]
1479505620793121795,1,[0.0784313753247261]
1479505620893172217,1,[0.09803921729326248]
1479505620992948301,1,[0.09803921729326248]
1479505621093291602,1,[0.0784313753247261]
1479505621192922809,1,[0.09803921729326248]
1479505621292869289,1,[0.09803921729326248]
1479505621392957553,1,[0.09803921729326248]
1479505621492921303,1,[0.09803921729326248]
1479505621592914733,1,[0.09803921729326248]
1479505621692816123,1,[0.09803921729326248]
1479505621793296298,1,[0.09803921729326248]
1479505621893058054,1,[0.0784313753247261]
1479505621993046421,1,[0.0784313753247261]
1479505622092803536,1,[0.0784313753247261]
1479505622192912301,1,[0.0784313753247261]
1479505622292927845,1,[0.09803921729326248]
1479505622392824610,1,[0.09803921729326248]
1479505622493050442,1,[0.09803921729326248]
1479505622592796123,1,[0.09803921729326248]
1479505622693150958,1,[0.09803921729326248]
1479505622792892089,1,[0.09803921729326248]
1479505622892903729,1,[0.09803921729326248]
1479505622992939956,1,[0.09803921729326248]
1479505623092986104,1,[0.09803921729326248]
1479505623192731112,1,[0.0784313753247261]
1479505623292820912,1,[0.09803921729326248]
1479505623392701870,1,[0.09803921729326248]
1479505623492852178,1,[0.09803921729326248]
1479505623592717298,1,[0.09803921729326248]
1479505623692764179,1,[0.0784313753247261]
1479505623792768009,1,[0.09803921729326248]
1479505623892859225,1,[0.09803921729326248]
1479505623992702472,1,[0.09803921729326248]
1479505624092664535,1,[0.09803921729326248]
1479505624192897190,1,[0.0784313753247261]
1479505624292957914,1,[0.09803921729326248]
1479505624393011361,1,[0.09803921729326248]
1479505624493003258,1,[0.09803921729326248]
1479505624592779482,1,[0.09803921729326248]
1479505624693124354,1,[0.09803921729326248]
1479505624792902345,1,[0.09803921729326248]
1479505624892697583,1,[0.09803921729326248]
1479505624992678578,1,[0.09803921729326248]
1479505625092784468,1,[0.09803921729326248]
1479505625192767755,1,[0.09803921729326248]
1479505625292653324,1,[0.09803921729326248]
1479505625392807764,1,[0.0784313753247261]
1479505625492754307,1,[0.09803921729326248]
1479505625592870864,1,[0.05882352963089943]
1479505625692656778,1,[0.09803921729326248]
1479505625792698049,1,[0.09803921729326248]
1479505625892744751,1,[0.09803921729326248]
1479505625992907166,1,[0.09803921729326248]
1479505626092816733,1,[0.09803921729326248]
1479505626192790709,1,[0.09803921729326248]
1479505626292734365,1,[0.09803921729326248]
1479505626393027462,1,[0.09803921729326248]
1479505626492592883,1,[0.09803921729326248]
1479505626592599907,1,[0.09803921729326248]
1479505626692594982,1,[0.09803921729326248]
1479505626792664290,1,[0.09803921729326248]
1479505626892476001,1,[0.09803921729326248]
1479505626992537146,1,[0.09803921729326248]
1479505627092709159,1,[0.09803921729326248]
1479505627192418747,1,[0.09803921729326248]
1479505627292671686,1,[0.11764705926179886]
1479505627392587450,1,[0.11764705926179886]
1479505627492748343,1,[0.09803921729326248]
1479505627592673613,1,[0.09803921729326248]
1479505627692507832,1,[0.09803921729326248]
1479505627792627519,1,[0.09803921729326248]
1479505627892708136,1,[0.09803921729326248]
1479505627992516950,1,[0.09803921729326248]
1479505628092530347,1,[0.09803921729326248]
1479505628192462484,1,[0.0784313753247261]
1479505628292477747,1,[0.09803921729326248]
1479505628392579255,1,[0.09803921729326248]
1479505628492802198,1,[0.09803921729326248]
1479505628592910632,1,[0.09803921729326248]
1479505628692532257,1,[0.0784313753247261]
1479505628792459910,1,[0.09803921729326248]
1479505628892548010,1,[0.0784313753247261]
1479505628992486829,1,[0.09803921729326248]
1479505629092460938,1,[0.0784313753247261]
1479505629192477697,1,[0.09803921729326248]
1479505629292442880,1,[0.09803921729326248]
1479505629392412804,1,[0.0784313753247261]
1479505629492550779,1,[0.09803921729326248]
1479505629592485296,1,[0.09803921729326248]
1479505629692528401,1,[0.09803921729326248]
1479505629792458568,1,[0.09803921729326248]
1479505629892449521,1,[0.09803921729326248]
1479505629992475402,1,[0.09803921729326248]
1479505630092450340,1,[0.0784313753247261]
1479505630192489503,1,[0.09803921729326248]
1479505630292416884,1,[0.09803921729326248]
1479505630392424921,1,[0.09803921729326248]
1479505630492566020,1,[0.09803921729326248]
1479505630592262603,1,[0.09803921729326248]
1479505630692363361,1,[0.09803921729326248]
1479505630792520285,1,[0.09803921729326248]
1479505630892270246,1,[0.09803921729326248]
1479505630992284905,1,[0.09803921729326248]
1479505631092395088,1,[0.05882352963089943]
1479505631192350301,1,[0.0784313753247261]
1479505631292279994,1,[0.09803921729326248]
1479505631392631556,1,[0.09803921729326248]
1479505631492491775,1,[0.0784313753247261]
1479505631592402966,1,[0.09803921729326248]
1479505631692440403,1,[0.09803921729326248]
1479505631792464612,1,[0.09803921729326248]
1479505631892234732,1,[0.09803921729326248]
1479505631992257403,1,[0.09803921729326248]
1479505632092431363,1,[0.09803921729326248]
1479505632192322292,1,[0.0784313753247261]
1479505632292305269,1,[0.0784313753247261]
1479505632392317315,1,[0.09803921729326248]
1479505632492279528,1,[0.09803921729326248]
1479505632592576470,1,[0.09803921729326248]
1479505632692304671,1,[0.09803921729326248]
1479505632792212108,1,[0.09803921729326248]
1479505632892258729,1,[0.09803921729326248]
1479505632992459907,1,[0.09803921729326248]
1479505633092196690,1,[0.09803921729326248]
1479505633192209568,1,[0.0784313753247261]
1479505633292442727,1,[0.09803921729326248]
1479505633392292494,1,[0.09803921729326248]
1479505633492353766,1,[0.0784313753247261]
1479505633592149939,1,[0.09803921729326248]
1479505633692262843,1,[0.09803921729326248]
1479505633792338295,1,[0.0784313753247261]
1479505633892166858,1,[0.09803921729326248]
1479505633992327748,1,[0.09803921729326248]
1479505634092295589,1,[0.09803921729326248]
1479505634192140637,1,[0.09803921729326248]
1479505634292322967,1,[0.09803921729326248]
1479505634392262871,1,[0.09803921729326248]
1479505634492053000,1,[0.09803921729326248]
1479505634591998548,1,[0.09803921729326248]
1479505634692061444,1,[0.0784313753247261]
1479505634792138387,1,[0.13725490868091583]
1479505634892307123,1,[0.0784313753247261]
1479505634991960183,1,[0.0784313753247261]
1479505635092556989,1,[0.09803921729326248]
1479505635192083419,1,[0.09803921729326248]
1479505635292076183,1,[0.0784313753247261]
1479505635392133060,1,[0.0784313753247261]
1479505635492110376,1,[0.09803921729326248]
1479505635592032583,1,[0.09803921729326248]
1479505635692349946,1,[0.09803921729326248]
1479505635792060571,1,[0.09803921729326248]
1479505635891934556,1,[0.09803921729326248]
1479505635992119943,1,[0.09803921729326248]
1479505636092057296,1,[0.09803921729326248]
1479505636192107734,1,[0.09803921729326248]
1479505636292188208,1,[0.09803921729326248]
1479505636392055026,1,[0.09803921729326248]
1479505636492074402,1,[0.09803921729326248]
1479505636592125007,1,[0.09803921729326248]
1479505636691998929,1,[0.0784313753247261]
1479505636791947141,1,[0.0784313753247261]
1479505636892143069,1,[0.09803921729326248]
1479505636991891266,1,[0.0784313753247261]
1479505637091906983,1,[0.09803921729326248]
1479505637192085857,1,[0.09803921729326248]
1479505637292045442,1,[0.0784313753247261]
1479505637391928834,1,[0.0784313753247261]
1479505637491952241,1,[0.09803921729326248]
1479505637591878702,1,[0.0784313753247261]
1479505637691824954,1,[0.09803921729326248]
1479505637792093199,1,[0.09803921729326248]
1479505637891927658,1,[0.09803921729326248]
1479505637991913132,1,[0.09803921729326248]
1479505638091858592,1,[0.09803921729326248]
1479505638191897902,1,[0.09803921729326248]
1479505638292066381,1,[0.09803921729326248]
1479505638391860600,1,[0.09803921729326248]
1479505638491905304,1,[0.09803921729326248]
1479505638592091204,1,[0.09803921729326248]
1479505638692221420,1,[0.0784313753247261]
1479505638791796149,1,[0.0784313753247261]
1479505638892035635,1,[0.09803921729326248]
1479505638992110970,1,[0.09803921729326248]
1479505639091971454,1,[0.09803921729326248]
1479505639191772959,1,[0.09803921729326248]
1479505639291814255,1,[0.09803921729326248]
1479505639391754145,1,[0.0784313753247261]
1479505639491839137,1,[0.09803921729326248]
1479505639591938986,1,[0.09803921729326248]
1479505639691843231,1,[0.09803921729326248]
1479505639791973813,1,[0.09803921729326248]
1479505639891719186,1,[0.09803921729326248]
1479505639991766852,1,[0.09803921729326248]
1479505640091681037,1,[0.09803921729326248]
1479505640191670441,1,[0.09803921729326248]
1479505640291811786,1,[0.13725490868091583]
1479505640391790610,1,[0.09803921729326248]
1479505640492054914,1,[0.09803921729326248]
1479505640591723998,1,[0.0784313753247261]
1479505640691711941,1,[0.09803921729326248]
1479505640791798933,1,[0.09803921729326248]
1479505640891815271,1,[0.0784313753247261]
1479505640991738603,1,[0.09803921729326248]
1479505641091760013,1,[0.09803921729326248]
1479505641191847108,1,[0.09803921729326248]
1479505641291767021,1,[0.09803921729326248]
1479505641391683319,1,[0.09803921729326248]
1479505641491749941,1,[0.09803921729326248]
1479505641591723917,1,[0.09803921729326248]
1479505641691646699,1,[0.09803921729326248]
1479505641791714547,1,[0.09803921729326248]
1479505641891670604,1,[0.09803921729326248]
1479505641991831523,1,[0.09803921729326248]
1479505642091724034,1,[0.11764705926179886]
1479505642191738425,1,[0.05882352963089943]
1479505642291670554,1,[0.0784313753247261]
1479505642391661560,1,[0.0784313753247261]
1479505642491523918,1,[0.09803921729326248]
1479505642591927382,1,[0.09803921729326248]
1479505642691542237,1,[0.09803921729326248]
1479505642791736125,1,[0.0784313753247261]
1479505642891646188,1,[0.09803921729326248]
1479505642991658029,1,[0.0784313753247261]
1479505643091746850,1,[0.09803921729326248]
1479505643191557704,1,[0.09803921729326248]
1479505643291772057,1,[0.09803921729326248]
1479505643391508302,1,[0.09803921729326248]
1479505643491770536,1,[0.09803921729326248]
1479505643591652652,1,[0.09803921729326248]
1479505643691556350,1,[0.09803921729326248]
1479505643791454165,1,[0.09803921729326248]
1479505643891489899,1,[0.11764705926179886]
1479505643991462018,1,[0.09803921729326248]
1479505644091608697,1,[0.09803921729326248]
1479505644191606573,1,[0.09803921729326248]
1479505644291527780,1,[0.09803921729326248]
1479505644391645545,1,[0.09803921729326248]
1479505644491529330,1,[0.09803921729326248]
1479505644591513244,1,[0.09803921729326248]
1479505644691734092,1,[0.09803921729326248]
1479505644791433065,1,[0.09803921729326248]
1479505644891475707,1,[0.09803921729326248]
1479505644991498267,1,[0.09803921729326248]
1479505645091587948,1,[0.0784313753247261]
1479505645191363937,1,[0.0784313753247261]
1479505645292000687,1,[0.09803921729326248]
1479505645391399022,1,[0.09803921729326248]
1479505645491382094,1,[0.0784313753247261]
1479505645591371234,1,[0.0784313753247261]
1479505645691445246,1,[0.11764705926179886]
1479505645791373030,1,[0.0784313753247261]
1479505645891618686,1,[0.0784313753247261]
1479505645991361480,1,[0.09803921729326248]
1479505646091685855,1,[0.09803921729326248]
1479505646191322733,1,[0.09803921729326248]
1479505646291425270,1,[0.09803921729326248]
1479505646391336809,1,[0.09803921729326248]
1479505646491444712,1,[0.09803921729326248]
1479505646591342314,1,[0.09803921729326248]
1479505646691479669,1,[0.09803921729326248]
1479505646791362795,1,[0.09803921729326248]
1479505646891498051,1,[0.09803921729326248]
1479505646991374835,1,[0.09803921729326248]
1479505647091461388,1,[0.0784313753247261]
1479505647191396697,1,[0.09803921729326248]
1479505647291367012,1,[0.09803921729326248]
1479505647391213428,1,[0.09803921729326248]
1479505647491445076,1,[0.09803921729326248]
1479505647591276591,1,[0.09803921729326248]
1479505647691434471,1,[0.05882352963089943]
1479505647791331211,1,[0.09803921729326248]
1479505647891288413,1,[0.09803921729326248]
1479505647991276379,1,[0.09803921729326248]
1479505648091463551,1,[0.0784313753247261]
1479505648191452098,1,[0.09803921729326248]
1479505648291460371,1,[0.09803921729326248]
1479505648391865211,1,[0.0784313753247261]
1479505648491320946,1,[0.09803921729326248]
1479505648591378327,1,[0.09803921729326248]
1479505648691306810,1,[0.09803921729326248]
1479505648791214628,1,[0.0784313753247261]
1479505648891183276,1,[0.09803921729326248]
1479505648991254700,1,[0.09803921729326248]
1479505649091156822,1,[0.09803921729326248]
1479505649191362858,1,[0.09803921729326248]
1479505649291129882,1,[0.0784313753247261]
1479505649391276734,1,[0.09803921729326248]
1479505649491301730,1,[0.09803921729326248]
1479505649591158503,1,[0.09803921729326248]
1479505649691303586,1,[0.09803921729326248]
1479505649791129919,1,[0.09803921729326248]
1479505649891090939,1,[0.0784313753247261]
1479505649991270314,1,[0.09803921729326248]
1479505650091414207,1,[0.09803921729326248]
1479505650191282261,1,[0.0784313753247261]
1479505650291128392,1,[0.09803921729326248]
1479505650391109637,1,[0.09803921729326248]
1479505650491202149,1,[0.09803921729326248]
1479505650591184216,1,[0.09803921729326248]
1479505650691051733,1,[0.09803921729326248]
1479505650791766328,1,[0.09803921729326248]
1479505650891148568,1,[0.09803921729326248]
1479505650991071143,1,[0.09803921729326248]
1479505651094269681,1,[0.09803921729326248]
1479505651190962254,1,[0.09803921729326248]
1479505651291026137,1,[0.09803921729326248]
1479505651391736324,1,[0.05882352963089943]
1479505651491084967,1,[0.09803921729326248]
1479505651591463243,1,[0.09803921729326248]
1479505651691019705,1,[0.09803921729326248]
1479505651791107577,1,[0.09803921729326248]
1479505651891042635,1,[0.09803921729326248]
1479505651991109099,1,[0.09803921729326248]
1479505652093860536,1,[0.09803921729326248]
1479505652191160660,1,[0.09803921729326248]
1479505652291360948,1,[0.09803921729326248]
1479505652391024545,1,[0.09803921729326248]
1479505652491025729,1,[0.09803921729326248]
1479505652591137683,1,[0.0784313753247261]
1479505652690983147,1,[0.09803921729326248]
1479505652790969539,1,[0.09803921729326248]
1479505652891065609,1,[0.09803921729326248]
1479505652991182996,1,[0.09803921729326248]
1479505653091267161,1,[0.11764705926179886]
1479505653191072470,1,[0.13725490868091583]
1479505653291022478,1,[0.09803921729326248]
1479505653390942251,1,[0.09803921729326248]
1479505653490819962,1,[0.09803921729326248]
1479505653590988923,1,[0.09803921729326248]
1479505653691119418,1,[0.09803921729326248]
1479505653791016078,1,[0.09803921729326248]
1479505653890917133,1,[0.09803921729326248]
1479505653990915244,1,[0.09803921729326248]
1479505654090877801,1,[0.09803921729326248]
1479505654190862369,1,[0.09803921729326248]
1479505654291204527,1,[0.09803921729326248]
1479505654390886937,1,[0.0784313753247261]
1479505654490993797,1,[0.09803921729326248]
1479505654590908499,1,[0.09803921729326248]
1479505654690763520,1,[0.0784313753247261]
1479505654790967672,1,[0.09803921729326248]
1479505654890892003,1,[0.09803921729326248]
1479505654990957465,1,[0.09803921729326248]
1479505655090919100,1,[0.09803921729326248]
1479505655190752263,1,[0.0784313753247261]
1479505655290808910,1,[0.09803921729326248]
1479505655391101080,1,[0.09803921729326248]
1479505655490887084,1,[0.09803921729326248]
1479505655590688570,1,[0.09803921729326248]
1479505655691205519,1,[0.09803921729326248]
1479505655790896970,1,[0.09803921729326248]
1479505655891087994,1,[0.09803921729326248]
1479505655990929213,1,[0.09803921729326248]
1479505656090985199,1,[0.09803921729326248]
1479505656190695486,1,[0.09803921729326248]
1479505656291059705,1,[0.09803921729326248]
1479505656390932610,1,[0.09803921729326248]
1479505656490975793,1,[0.09803921729326248]
1479505656590752293,1,[0.09803921729326248]
1479505656690673066,1,[0.0784313753247261]
1479505656790650560,1,[0.09803921729326248]
1479505656890778117,1,[0.0784313753247261]
1479505656990724119,1,[0.09803921729326248]
1479505657090830372,1,[0.09803921729326248]
1479505657190679089,1,[0.09803921729326248]
1479505657290959510,1,[0.09803921729326248]
1479505657390799215,1,[0.09803921729326248]
1479505657490857634,1,[0.09803921729326248]
1479505657591031867,1,[0.09803921729326248]
1479505657690720171,1,[0.0784313753247261]
1479505657790862304,1,[0.09803921729326248]
1479505657890937048,1,[0.09803921729326248]
1479505657990613382,1,[0.09803921729326248]
1479505658090719257,1,[0.09803921729326248]
1479505658190887403,1,[0.09803921729326248]
1479505658290737904,1,[0.09803921729326248]
1479505658390669404,1,[0.09803921729326248]
1479505658490709661,1,[0.09803921729326248]
1479505658590976585,1,[0.09803921729326248]
1479505658690791461,1,[0.0784313753247261]
1479505658790611409,1,[0.0784313753247261]
1479505658890684255,1,[0.09803921729326248]
1479505658990712386,1,[0.09803921729326248]
1479505659090680022,1,[0.09803921729326248]
1479505659190831666,1,[0.09803921729326248]
1479505659290586992,1,[0.09803921729326248]
1479505659390700923,1,[0.09803921729326248]
1479505659490544345,1,[0.0784313753247261]
1479505659590623343,1,[0.0784313753247261]
1479505659690583635,1,[0.09803921729326248]
1479505659790516070,1,[0.09803921729326248]
1479505659890853871,1,[0.09803921729326248]
1479505659990580536,1,[0.0784313753247261]
1479505660090443964,1,[0.09803921729326248]
1479505660190592861,1,[0.09803921729326248]
1479505660290529766,1,[0.09803921729326248]
1479505660390586844,1,[0.09803921729326248]
1479505660490421310,1,[0.09803921729326248]
1479505660590664041,1,[0.11764705926179886]
1479505660690746457,1,[0.09803921729326248]
1479505660790921068,1,[0.09803921729326248]
1479505660890370456,1,[0.0784313753247261]
1479505660990488925,1,[0.09803921729326248]
1479505661090413206,1,[0.0784313753247261]
1479505661190463228,1,[0.09803921729326248]
1479505661290578680,1,[0.09803921729326248]
1479505661390595835,1,[0.0784313753247261]
1479505661490811699,1,[0.09803921729326248]
1479505661590392540,1,[0.09803921729326248]
1479505661690453467,1,[0.09803921729326248]
1479505661790578499,1,[0.09803921729326248]
1479505661890533160,1,[0.09803921729326248]
1479505661990305448,1,[0.09803921729326248]
1479505662090443748,1,[0.09803921729326248]
1479505662190626761,1,[0.09803921729326248]
1479505662290416965,1,[0.11764705926179886]
1479505662390317554,1,[0.09803921729326248]
1479505662490540698,1,[0.0784313753247261]
1479505662590470040,1,[0.09803921729326248]
1479505662690258032,1,[0.0784313753247261]
1479505662790281504,1,[0.09803921729326248]
1479505662890414825,1,[0.09803921729326248]
1479505662990257894,1,[0.09803921729326248]
1479505663090281196,1,[0.09803921729326248]
1479505663190421010,1,[0.09803921729326248]
1479505663290281556,1,[0.09803921729326248]
1479505663390255615,1,[0.0784313753247261]
1479505663490326885,1,[0.09803921729326248]
1479505663590624641,1,[0.09803921729326248]
1479505663690705308,1,[0.09803921729326248]
1479505663790363986,1,[0.09803921729326248]
1479505663890241226,1,[0.0784313753247261]
1479505663990735630,1,[0.0784313753247261]
1479505664090417833,1,[0.09803921729326248]
1479505664190214594,1,[0.11764705926179886]
1479505664290461407,1,[0.11764705926179886]
1479505664390260232,1,[0.0784313753247261]
1479505664490191827,1,[0.0784313753247261]
1479505664590135911,1,[0.09803921729326248]
1479505664690435634,1,[0.0784313753247261]
1479505664790383662,1,[0.09803921729326248]
1479505664890345345,1,[0.09803921729326248]
1479505664990119517,1,[0.0784313753247261]
1479505665090586270,1,[0.09803921729326248]
1479505665190334527,1,[0.09803921729326248]
1479505665290219788,1,[0.09803921729326248]
1479505665390282930,1,[0.09803921729326248]
1479505665490806221,1,[0.09803921729326248]
1479505665590167147,1,[0.09803921729326248]
1479505665690525430,1,[0.09803921729326248]
1479505665790139688,1,[0.09803921729326248]
1479505665890253075,1,[0.09803921729326248]
1479505665990066576,1,[0.09803921729326248]
1479505666090611006,1,[0.09803921729326248]
1479505666190290452,1,[0.09803921729326248]
1479505666290186653,1,[0.0784313753247261]
1479505666390423433,1,[0.0784313753247261]
1479505666490502877,1,[0.09803921729326248]
1479505666590189640,1,[0.09803921729326248]
1479505666690226027,1,[0.09803921729326248]
1479505666790041477,1,[0.09803921729326248]
1479505666890080370,1,[0.09803921729326248]
1479505666990102928,1,[0.0784313753247261]
1479505667090184139,1,[0.09803921729326248]
1479505667190326674,1,[0.09803921729326248]
1479505667290201213,1,[0.09803921729326248]
1479505667390085945,1,[0.09803921729326248]
1479505667490391491,1,[0.09803921729326248]
1479505667590086513,1,[0.09803921729326248]
1479505667690045647,1,[0.09803921729326248]
1479505667790154176,1,[0.09803921729326248]
1479505667890212391,1,[0.0784313753247261]
1479505667990023534,1,[0.09803921729326248]
1479505668089955753,1,[0.09803921729326248]
1479505668190021821,1,[0.09803921729326248]
1479505668290267271,1,[0.0784313753247261]
1479505668390138565,1,[0.09803921729326248]
1479505668490089858,1,[0.09803921729326248]
1479505668589986205,1,[0.09803921729326248]
1479505668690337336,1,[0.09803921729326248]
1479505668789974623,1,[0.09803921729326248]
1479505668889889507,1,[0.09803921729326248]
1479505668990042451,1,[0.09803921729326248]
1479505669090038392,1,[0.09803921729326248]
1479505669189872137,1,[0.09803921729326248]
1479505669290075658,1,[0.0784313753247261]
1479505669390104505,1,[0.09803921729326248]
1479505669490393365,1,[0.09803921729326248]
1479505669589920860,1,[0.0784313753247261]
1479505669689920177,1,[0.09803921729326248]
1479505669789942615,1,[0.09803921729326248]
1479505669890042534,1,[0.09803921729326248]
1479505669989903273,1,[0.0784313753247261]
1479505670089996795,1,[0.09803921729326248]
1479505670189850122,1,[0.09803921729326248]
1479505670289885455,1,[0.09803921729326248]
1479505670389862640,1,[0.09803921729326248]
1479505670489790394,1,[0.09803921729326248]
1479505670590112233,1,[0.09803921729326248]
1479505670690202510,1,[0.09803921729326248]
1479505670789839280,1,[0.09803921729326248]
1479505670890235618,1,[0.09803921729326248]
1479505670989772006,1,[0.09803921729326248]
1479505671089867949,1,[0.09803921729326248]
1479505671190130553,1,[0.09803921729326248]
1479505671290008788,1,[0.09803921729326248]
1479505671389841084,1,[0.09803921729326248]
1479505671489723869,1,[0.0784313753247261]
1479505671589841041,1,[0.09803921729326248]
1479505671689936254,1,[0.09803921729326248]
1479505671789726653,1,[0.09803921729326248]
1479505671889853750,1,[0.09803921729326248]
1479505671989775185,1,[0.09803921729326248]
1479505672090028445,1,[0.09803921729326248]
1479505672189843472,1,[0.0784313753247261]
1479505672289748147,1,[0.09803921729326248]
1479505672389898981,1,[0.09803921729326248]
1479505672489773525,1,[0.09803921729326248]
1479505672589712941,1,[0.09803921729326248]
1479505672689795663,1,[0.09803921729326248]
1479505672790007342,1,[0.09803921729326248]
1479505672889713959,1,[0.09803921729326248]
1479505672989684063,1,[0.09803921729326248]
1479505673090101730,1,[0.09803921729326248]
1479505673189762606,1,[0.09803921729326248]
1479505673289756543,1,[0.09803921729326248]
1479505673389716211,1,[0.0784313753247261]
1479505673489688550,1,[0.0784313753247261]
1479505673590031816,1,[0.0784313753247261]
1479505673689659354,1,[0.09803921729326248]
1479505673789650883,1,[0.0784313753247261]
1479505673889772450,1,[0.0784313753247261]
1479505673989625419,1,[0.09803921729326248]
1479505674089841907,1,[0.09803921729326248]
1479505674189700900,1,[0.0784313753247261]
1479505674289748207,1,[0.09803921729326248]
1479505674389857560,1,[0.09803921729326248]
1479505674490133769,1,[0.09803921729326248]
1479505674589592408,1,[0.09803921729326248]
1479505674689588427,1,[0.09803921729326248]
1479505674789701536,1,[0.09803921729326248]
1479505674889788986,1,[0.09803921729326248]
1479505674989766979,1,[0.09803921729326248]
1479505675089903640,1,[0.09803921729326248]
1479505675189486724,1,[0.09803921729326248]
1479505675289564825,1,[0.09803921729326248]
1479505675389707300,1,[0.09803921729326248]
1479505675489591989,1,[0.09803921729326248]
1479505675589500639,1,[0.09803921729326248]
1479505675689552878,1,[0.0784313753247261]
1479505675789622292,1,[0.0784313753247261]
1479505675889518418,1,[0.09803921729326248]
1479505675989582670,1,[0.09803921729326248]
1479505676089831302,1,[0.09803921729326248]
1479505676189710196,1,[0.09803921729326248]
1479505676289579397,1,[0.09803921729326248]
1479505676389525819,1,[0.09803921729326248]
1479505676489539123,1,[0.0784313753247261]
1479505676589533802,1,[0.0784313753247261]
1479505676689436551,1,[0.09803921729326248]
1479505676789578562,1,[0.0784313753247261]
1479505676889526580,1,[0.09803921729326248]
1479505676989478370,1,[0.09803921729326248]
1479505677089643753,1,[0.11764705926179886]
1479505677189449585,1,[0.0784313753247261]
1479505677289448170,1,[0.09803921729326248]
1479505677389455180,1,[0.09803921729326248]
1479505677489318262,1,[0.09803921729326248]
1479505677589465042,1,[0.09803921729326248]
1479505677689465757,1,[0.09803921729326248]
1479505677789441058,1,[0.09803921729326248]
1479505677889597859,1,[0.09803921729326248]
1479505677989454694,1,[0.09803921729326248]
1479505678089358934,1,[0.0784313753247261]
1479505678189282867,1,[0.09803921729326248]
1479505678289539327,1,[0.09803921729326248]
1479505678389448077,1,[0.09803921729326248]
1479505678489402012,1,[0.09803921729326248]
1479505678589485002,1,[0.09803921729326248]
1479505678689304721,1,[0.09803921729326248]
1479505678789394545,1,[0.09803921729326248]
1479505678889470894,1,[0.09803921729326248]
1479505678989382844,1,[0.09803921729326248]
1479505679089344574,1,[0.09803921729326248]
1479505679189384111,1,[0.09803921729326248]
1479505679289673157,1,[0.09803921729326248]
1479505679389391816,1,[0.09803921729326248]
1479505679489497288,1,[0.09803921729326248]
1479505679589389490,1,[0.09803921729326248]
1479505679689296899,1,[0.0784313753247261]
1479505679789250929,1,[0.0784313753247261]
1479505679889287186,1,[0.09803921729326248]
1479505679989332196,1,[0.09803921729326248]
1479505680089365907,1,[0.0784313753247261]
1479505680189331068,1,[0.0784313753247261]
1479505680290097961,1,[0.09803921729326248]
1479505680389518360,1,[0.09803921729326248]
1479505680489298655,1,[0.0784313753247261]
1479505680589267432,1,[0.09803921729326248]
1479505680689278202,1,[0.09803921729326248]
1479505680789321476,1,[0.09803921729326248]
1479505680889234565,1,[0.09803921729326248]
1479505680989142026,1,[0.09803921729326248]
1479505681089534415,1,[0.09803921729326248]
1479505681189302869,1,[0.09803921729326248]
1479505681289131584,1,[0.09803921729326248]
1479505681389204611,1,[0.09803921729326248]
1479505681490101236,1,[0.09803921729326248]
1479505681589154367,1,[0.09803921729326248]
1479505681689339254,1,[0.09803921729326248]
1479505681789228705,1,[0.09803921729326248]
1479505681889312126,1,[0.09803921729326248]
1479505681989577980,1,[0.09803921729326248]
1479505682089158060,1,[0.09803921729326248]
1479505682189293187,1,[0.09803921729326248]
1479505682289156245,1,[0.0784313753247261]
1479505682389133806,1,[0.09803921729326248]
1479505682489036362,1,[0.09803921729326248]
1479505682589081329,1,[0.09803921729326248]
1479505682689265772,1,[0.0784313753247261]
1479505682789122007,1,[0.09803921729326248]
1479505682889337017,1,[0.09803921729326248]
1479505682989062960,1,[0.09803921729326248]
1479505683089099946,1,[0.09803921729326248]
1479505683189117014,1,[0.09803921729326248]
1479505683289145428,1,[0.09803921729326248]
1479505683389140846,1,[0.09803921729326248]
1479505683489308554,1,[0.09803921729326248]
1479505683589120583,1,[0.09803921729326248]
1479505683689020077,1,[0.09803921729326248]
1479505683789374178,1,[0.09803921729326248]
1479505683889845577,1,[0.0784313753247261]
1479505683989208465,1,[0.09803921729326248]
1479505684089719793,1,[0.09803921729326248]
1479505684189235789,1,[0.09803921729326248]
1479505684289400019,1,[0.0784313753247261]
1479505684388940525,1,[0.09803921729326248]
1479505684488965734,1,[0.09803921729326248]
1479505684589050059,1,[0.11764705926179886]
1479505684689102626,1,[0.09803921729326248]
1479505684789220730,1,[0.09803921729326248]
1479505684889250171,1,[0.09803921729326248]
1479505684989707237,1,[0.09803921729326248]
1479505685089116625,1,[0.09803921729326248]
1479505685189051360,1,[0.09803921729326248]
1479505685289016007,1,[0.09803921729326248]
1479505685389038642,1,[0.09803921729326248]
1479505685488887068,1,[0.09803921729326248]
1479505685589022264,1,[0.09803921729326248]
1479505685688871241,1,[0.09803921729326248]
1479505685789002407,1,[0.09803921729326248]
1479505685889012674,1,[0.0784313753247261]
1479505685988874471,1,[0.09803921729326248]
1479505686088926843,1,[0.09803921729326248]
1479505686188974559,1,[0.09803921729326248]
1479505686289011407,1,[0.11764705926179886]
1479505686388834302,1,[0.11764705926179886]
1479505686488871541,1,[0.09803921729326248]
1479505686589003820,1,[0.0784313753247261]
1479505686688806247,1,[0.09803921729326248]
1479505686788891254,1,[0.09803921729326248]
1479505686888812516,1,[0.09803921729326248]
1479505686988871836,1,[0.09803921729326248]
1479505687088899463,1,[0.09803921729326248]
1479505687188765660,1,[0.09803921729326248]
1479505687288969694,1,[0.09803921729326248]
1479505687388969906,1,[0.09803921729326248]
1479505687488739575,1,[0.09803921729326248]
1479505687588779049,1,[0.09803921729326248]
1479505687688814873,1,[0.09803921729326248]
1479505687789185096,1,[0.09803921729326248]
1479505687889134059,1,[0.09803921729326248]
1479505687988803271,1,[0.09803921729326248]
1479505688089418878,1,[0.09803921729326248]
1479505688189031933,1,[0.09803921729326248]
1479505688288787565,1,[0.09803921729326248]
1479505688388954789,1,[0.09803921729326248]
1479505688488902307,1,[0.0784313753247261]
1479505688588635772,1,[0.09803921729326248]
1479505688688806009,1,[0.09803921729326248]
1479505688788639362,1,[0.09803921729326248]
1479505688888801923,1,[0.09803921729326248]
1479505688988785025,1,[0.09803921729326248]
1479505689088823625,1,[0.09803921729326248]
1479505689188705468,1,[0.09803921729326248]
1479505689288710483,1,[0.09803921729326248]
1479505689388657557,1,[0.09803921729326248]
1479505689488668315,1,[0.09803921729326248]
1479505689588889810,1,[0.09803921729326248]
1479505689688600250,1,[0.09803921729326248]
1479505689788918415,1,[0.09803921729326248]
1479505689890772548,1,[0.0784313753247261]
1479505689988666555,1,[0.09803921729326248]
1479505690088679526,1,[0.0784313753247261]
1479505690188616807,1,[0.09803921729326248]
1479505690288732114,1,[0.0784313753247261]
1479505690389652083,1,[0.09803921729326248]
1479505690488711496,1,[0.09803921729326248]
1479505690588584040,1,[0.09803921729326248]
1479505690688590639,1,[0.09803921729326248]
1479505690788652773,1,[0.09803921729326248]
1479505690888732362,1,[0.09803921729326248]
1479505690988685811,1,[0.09803921729326248]
1479505691088908563,1,[0.09803921729326248]
1479505691188761547,1,[0.09803921729326248]
1479505691288781567,1,[0.09803921729326248]
1479505691388836434,1,[0.09803921729326248]
1479505691488601328,1,[0.09803921729326248]
1479505691588526248,1,[0.09803921729326248]
1479505691688720126,1,[0.09803921729326248]
1479505691788576430,1,[0.11764705926179886]
1479505691888617867,1,[0.11764705926179886]
1479505691988432061,1,[0.09803921729326248]
1479505692088483471,1,[0.0784313753247261]
1479505692188549326,1,[0.09803921729326248]
1479505692288578419,1,[0.0784313753247261]
1479505692388530101,1,[0.09803921729326248]
1479505692488386726,1,[0.0784313753247261]
1479505692588612323,1,[0.09803921729326248]
1479505692688398450,1,[0.09803921729326248]
1479505692788635565,1,[0.09803921729326248]
1479505692888482084,1,[0.09803921729326248]
1479505692988444263,1,[0.09803921729326248]
1479505693088433780,1,[0.09803921729326248]
1479505693188523465,1,[0.09803921729326248]
1479505693288432042,1,[0.09803921729326248]
1479505693388522810,1,[0.09803921729326248]
1479505693488540818,1,[0.09803921729326248]
1479505693588503580,1,[0.09803921729326248]
1479505693688628487,1,[0.11764705926179886]
1479505693788610002,1,[0.0784313753247261]
1479505693888347705,1,[0.09803921729326248]
1479505693988502223,1,[0.09803921729326248]
1479505694088533017,1,[0.09803921729326248]
1479505694188404725,1,[0.09803921729326248]
1479505694288456107,1,[0.09803921729326248]
1479505694388292923,1,[0.09803921729326248]
1479505694488539987,1,[0.09803921729326248]
1479505694588454440,1,[0.09803921729326248]
1479505694688438349,1,[0.09803921729326248]
1479505694788342817,1,[0.09803921729326248]
1479505694888632722,1,[0.09803921729326248]
1479505694988418027,1,[0.09803921729326248]
1479505695088577714,1,[0.09803921729326248]
1479505695188473993,1,[0.09803921729326248]
1479505695288313496,1,[0.09803921729326248]
1479505695388395656,1,[0.09803921729326248]
1479505695488266928,1,[0.0784313753247261]
1479505695588323782,1,[0.09803921729326248]
1479505695688296407,1,[0.09803921729326248]
1479505695788224507,1,[0.09803921729326248]
1479505695888379488,1,[0.0784313753247261]
1479505695988440011,1,[0.09803921729326248]
1479505696088311611,1,[0.09803921729326248]
1479505696189547326,1,[0.09803921729326248]
1479505696288222710,1,[0.09803921729326248]
1479505696388146853,1,[0.09803921729326248]
1479505696488291703,1,[0.09803921729326248]
1479505696588351683,1,[0.09803921729326248]
1479505696688334278,1,[0.09803921729326248]
1479505696788295237,1,[0.09803921729326248]
1479505696888435073,1,[0.09803921729326248]
1479505696988242121,1,[0.09803921729326248]
1479505697088411255,1,[0.09803921729326248]
1479505697188313600,1,[0.09803921729326248]
1479505697288247288,1,[0.09803921729326248]
1479505697388184171,1,[0.09803921729326248]
1479505697488175875,1,[0.09803921729326248]
1479505697588183551,1,[0.0784313753247261]
1479505697688350662,1,[0.09803921729326248]
1479505697788254426,1,[0.09803921729326248]
1479505697888259649,1,[0.09803921729326248]
1479505697988171762,1,[0.09803921729326248]
1479505698088152671,1,[0.09803921729326248]
1479505698188208509,1,[0.0784313753247261]
1479505698288171714,1,[0.09803921729326248]
1479505698388198968,1,[0.0784313753247261]
1479505698488157764,1,[0.09803921729326248]
1479505698591463460,1,[0.09803921729326248]
1479505698688134033,1,[0.09803921729326248]
1479505698788232294,1,[0.09803921729326248]
1479505698888258031,1,[0.09803921729326248]
1479505698988102837,1,[0.09803921729326248]
1479505699088045152,1,[0.09803921729326248]
1479505699188062550,1,[0.09803921729326248]
1479505699288238470,1,[0.05882352963089943]
1479505699388057613,1,[0.0784313753247261]
1479505699488053001,1,[0.09803921729326248]
1479505699588358762,1,[0.09803921729326248]
1479505699688015060,1,[0.09803921729326248]
1479505699787981087,1,[0.09803921729326248]
1479505699888016087,1,[0.09803921729326248]
1479505699988093952,1,[0.09803921729326248]
1479505700087986362,1,[0.09803921729326248]
1479505700188204937,1,[0.09803921729326248]
1479505700288103316,1,[0.09803921729326248]
1479505700388241935,1,[0.09803921729326248]
1479505700488247042,1,[0.09803921729326248]
1479505700587936782,1,[0.09803921729326248]
1479505700688155874,1,[0.09803921729326248]
1479505700788053460,1,[0.09803921729326248]
1479505700888026807,1,[0.09803921729326248]
1479505700987903048,1,[0.09803921729326248]
1479505701087858962,1,[0.13725490868091583]
1479505701188011354,1,[0.09803921729326248]
1479505701287859199,1,[0.09803921729326248]
1479505701387970737,1,[0.09803921729326248]
1479505701487909925,1,[0.09803921729326248]
1479505701588012661,1,[0.09803921729326248]
1479505701688116824,1,[0.09803921729326248]
1479505701788036237,1,[0.09803921729326248]
1479505701888070259,1,[0.09803921729326248]
1479505701987864813,1,[0.0784313753247261]
1479505702088014429,1,[0.09803921729326248]
1479505702188103257,1,[0.09803921729326248]
1479505702288003450,1,[0.09803921729326248]
1479505702387919232,1,[0.0784313753247261]
1479505702487838043,1,[0.09803921729326248]
1479505702588207529,1,[0.09803921729326248]
1479505702687945595,1,[0.09803921729326248]
1479505702787831869,1,[0.09803921729326248]
1479505702887898133,1,[0.09803921729326248]
1479505702987846326,1,[0.09803921729326248]
1479505703087774474,1,[0.09803921729326248]
1479505703187878808,1,[0.09803921729326248]
1479505703287817728,1,[0.09803921729326248]
1479505703387712198,1,[0.09803921729326248]
1479505703488036186,1,[0.09803921729326248]
1479505703587775305,1,[0.09803921729326248]
1479505703687993374,1,[0.09803921729326248]
1479505703788000083,1,[0.09803921729326248]
1479505703887903899,1,[0.0784313753247261]
1479505703987796334,1,[0.09803921729326248]
1479505704087854226,1,[0.09803921729326248]
1479505704187671523,1,[0.09803921729326248]
1479505704287723501,1,[0.09803921729326248]
1479505704387924817,1,[0.09803921729326248]
1479505704487744860,1,[0.09803921729326248]
1479505704587825281,1,[0.09803921729326248]
1479505704687692153,1,[0.09803921729326248]
1479505704787715991,1,[0.0784313753247261]
1479505704887639986,1,[0.09803921729326248]
1479505704987706932,1,[0.09803921729326248]
1479505705087691419,1,[0.09803921729326248]
1479505705187792767,1,[0.0784313753247261]
1479505705287904738,1,[0.0784313753247261]
1479505705387641890,1,[0.09803921729326248]
1479505705487761935,1,[0.09803921729326248]
1479505705587827924,1,[0.09803921729326248]
1479505705687614850,1,[0.09803921729326248]
1479505705787733578,1,[0.09803921729326248]
1479505705887718559,1,[0.09803921729326248]
1479505705987656394,1,[0.0784313753247261]
1479505706087653398,1,[0.09803921729326248]
1479505706187617338,1,[0.09803921729326248]
1479505706287750696,1,[0.09803921729326248]
1479505706387668417,1,[0.09803921729326248]
1479505706487669423,1,[0.09803921729326248]
1479505706587675909,1,[0.09803921729326248]
1479505706687673820,1,[0.09803921729326248]
1479505706787495326,1,[0.09803921729326248]
1479505706887745492,1,[0.09803921729326248]
1479505706990045910,1,[0.0784313753247261]
1479505707087545705,1,[0.09803921729326248]
1479505707187699864,1,[0.09803921729326248]
1479505707287635106,1,[0.09803921729326248]
1479505707388173462,1,[0.09803921729326248]
1479505707487631514,1,[0.09803921729326248]
1479505707587812157,1,[0.0784313753247261]
1479505707687668875,1,[0.09803921729326248]
1479505707787789927,1,[0.09803921729326248]
1479505707887458969,1,[0.09803921729326248]
1479505707987570127,1,[0.09803921729326248]
1479505708087754531,1,[0.09803921729326248]
1479505708187677208,1,[0.09803921729326248]
1479505708287428861,1,[0.11764705926179886]
1479505708387460906,1,[0.11764705926179886]
1479505708487719195,1,[0.09803921729326248]
1479505708587605747,1,[0.09803921729326248]
1479505708687638846,1,[0.09803921729326248]
1479505708787666398,1,[0.09803921729326248]
1479505708887462431,1,[0.09803921729326248]
1479505708987566266,1,[0.09803921729326248]
1479505709087520133,1,[0.09803921729326248]
1479505709187508322,1,[0.09803921729326248]
1479505709287411006,1,[0.09803921729326248]
1479505709387450124,1,[0.09803921729326248]
1479505709487333426,1,[0.09803921729326248]
1479505709587457759,1,[0.09803921729326248]
1479505709687430930,1,[0.09803921729326248]
1479505709787782041,1,[0.09803921729326248]
1479505709887311854,1,[0.0784313753247261]
1479505709987504309,1,[0.11764705926179886]
1479505710087370241,1,[0.09803921729326248]
1479505710187410896,1,[0.09803921729326248]
1479505710287514641,1,[0.09803921729326248]
1479505710387529646,1,[0.0784313753247261]
1479505710487331350,1,[0.09803921729326248]
1479505710587454926,1,[0.09803921729326248]
1479505710687685273,1,[0.09803921729326248]
1479505710787236060,1,[0.09803921729326248]
1479505710887592225,1,[0.09803921729326248]
1479505710987480473,1,[0.09803921729326248]
1479505711087289263,1,[0.09803921729326248]
1479505711187540097,1,[0.09803921729326248]
1479505711287354132,1,[0.09803921729326248]
1479505711387421588,1,[0.09803921729326248]
1479505711487367930,1,[0.09803921729326248]
1479505711587223227,1,[0.09803921729326248]
1479505711687274368,1,[0.09803921729326248]
1479505711787233853,1,[0.09803921729326248]
1479505711887314949,1,[0.09803921729326248]
1479505711987342077,1,[0.09803921729326248]
1479505712087378239,1,[0.09803921729326248]
1479505712187429458,1,[0.09803921729326248]
1479505712287217237,1,[0.09803921729326248]
1479505712387232164,1,[0.0784313753247261]
1479505712487340104,1,[0.0784313753247261]
1479505712587188197,1,[0.09803921729326248]
1479505712687308934,1,[0.09803921729326248]
1479505712787314987,1,[0.09803921729326248]
1479505712887368959,1,[0.09803921729326248]
1479505712987129921,1,[0.09803921729326248]
1479505713087343187,1,[0.0784313753247261]
1479505713187411260,1,[0.09803921729326248]
1479505713287141841,1,[0.09803921729326248]
1479505713387275591,1,[0.09803921729326248]
1479505713487349144,1,[0.0784313753247261]
1479505713587172046,1,[0.09803921729326248]
1479505713687141384,1,[0.09803921729326248]
1479505713787237509,1,[0.09803921729326248]
1479505713887131903,1,[0.09803921729326248]
1479505713987303836,1,[0.11764705926179886]
1479505714087191595,1,[0.09803921729326248]
1479505714187178977,1,[0.09803921729326248]
1479505714287220231,1,[0.09803921729326248]
1479505714387164703,1,[0.09803921729326248]
1479505714487118362,1,[0.09803921729326248]
1479505714587259617,1,[0.09803921729326248]
1479505714687058315,1,[0.09803921729326248]
1479505714787140867,1,[0.09803921729326248]
1479505714887202578,1,[0.09803921729326248]
1479505714987070421,1,[0.09803921729326248]
1479505715087087647,1,[0.09803921729326248]
1479505715187301987,1,[0.09803921729326248]
1479505715287043481,1,[0.09803921729326248]
1479505715387025811,1,[0.09803921729326248]
1479505715487047475,1,[0.09803921729326248]
1479505715587243430,1,[0.0784313753247261]
1479505715687189116,1,[0.09803921729326248]
1479505715787123999,1,[0.11764705926179886]
1479505715887049415,1,[0.0784313753247261]
1479505715987192827,1,[0.09803921729326248]
1479505716087209105,1,[0.09803921729326248]
1479505716187267631,1,[0.09803921729326248]
1479505716287056069,1,[0.09803921729326248]
1479505716386977376,1,[0.09803921729326248]
1479505716486950053,1,[0.09803921729326248]
1479505716587014378,1,[0.09803921729326248]
1479505716697315946,1,[0.09803921729326248]
1479505716786990494,1,[0.09803921729326248]
1479505716887057385,1,[0.09803921729326248]
1479505716987039705,1,[0.09803921729326248]
1479505717086982243,1,[0.09803921729326248]
1479505717187040102,1,[0.09803921729326248]
1479505717287069436,1,[0.09803921729326248]
1479505717386905987,1,[0.09803921729326248]
1479505717487048835,1,[0.09803921729326248]
1479505717587066762,1,[0.09803921729326248]
1479505717686880105,1,[0.09803921729326248]
1479505717786898779,1,[0.09803921729326248]
1479505717887142036,1,[0.09803921729326248]
1479505717986982499,1,[0.09803921729326248]
1479505718086993585,1,[0.09803921729326248]
1479505718187219768,1,[0.09803921729326248]
1479505718286885605,1,[0.09803921729326248]
1479505718386806867,1,[0.0784313753247261]
1479505718486843302,1,[0.09803921729326248]
1479505718586979359,1,[0.09803921729326248]
1479505718686793531,1,[0.09803921729326248]
1479505718787060097,1,[0.0784313753247261]
1479505718886891291,1,[0.09803921729326248]
1479505718986804481,1,[0.09803921729326248]
1479505719086866681,1,[0.09803921729326248]
1479505719186928537,1,[0.09803921729326248]
1479505719286957658,1,[0.09803921729326248]
1479505719386968190,1,[0.09803921729326248]
1479505719486862908,1,[0.09803921729326248]
1479505719586862470,1,[0.0784313753247261]
1479505719686904631,1,[0.09803921729326248]
1479505719786852264,1,[0.09803921729326248]
1479505719886752640,1,[0.0784313753247261]
1479505719986805069,1,[0.09803921729326248]
1479505720086784359,1,[0.09803921729326248]
1479505720190168028,1,[0.09803921729326248]
1479505720287019143,1,[0.09803921729326248]
1479505720387002170,1,[0.09803921729326248]
1479505720486975915,1,[0.09803921729326248]
1479505720586941253,1,[0.09803921729326248]
1479505720686895599,1,[0.09803921729326248]
1479505720786836548,1,[0.09803921729326248]
1479505720886749290,1,[0.09803921729326248]
1479505720987024679,1,[0.09803921729326248]
1479505721086612589,1,[0.09803921729326248]
1479505721186933085,1,[0.0784313753247261]
1479505721286624285,1,[0.09803921729326248]
1479505721386691140,1,[0.09803921729326248]
1479505721486625164,1,[0.0784313753247261]
1479505721586821613,1,[0.09803921729326248]
1479505721686680017,1,[0.09803921729326248]
1479505721786660451,1,[0.09803921729326248]
1479505721886686574,1,[0.09803921729326248]
1479505721986691228,1,[0.0784313753247261]
1479505722086736870,1,[0.09803921729326248]
1479505722186857794,1,[0.09803921729326248]
1479505722287277246,1,[0.09803921729326248]
1479505722386775734,1,[0.09803921729326248]
1479505722486761891,1,[0.09803921729326248]
1479505722586677564,1,[0.09803921729326248]
1479505722686527301,1,[0.09803921729326248]
1479505722786577330,1,[0.09803921729326248]
1479505722886821256,1,[0.09803921729326248]
1479505722986821613,1,[0.09803921729326248]
1479505723086681896,1,[0.09803921729326248]
1479505723186856475,1,[0.09803921729326248]
1479505723286513118,1,[0.09803921729326248]
1479505723386672460,1,[0.09803921729326248]
1479505723486514438,1,[0.09803921729326248]
1479505723586857994,1,[0.09803921729326248]
1479505723686845321,1,[0.09803921729326248]
1479505723786759927,1,[0.09803921729326248]
1479505723886683169,1,[0.09803921729326248]
1479505723986658001,1,[0.0784313753247261]
1479505724086599455,1,[0.09803921729326248]
1479505724186489216,1,[0.09803921729326248]
1479505724286568339,1,[0.09803921729326248]
1479505724386558949,1,[0.09803921729326248]
1479505724486583451,1,[0.09803921729326248]
1479505724586490162,1,[0.09803921729326248]
1479505724686425944,1,[0.09803921729326248]
1479505724786572666,1,[0.09803921729326248]
1479505724886469103,1,[0.09803921729326248]
1479505724986773745,1,[0.0784313753247261]
1479505725086500272,1,[0.0784313753247261]
1479505725186449009,1,[0.09803921729326248]
1479505725286658784,1,[0.0784313753247261]
1479505725386562846,1,[0.09803921729326248]
1479505725486761142,1,[0.09803921729326248]
1479505725586399030,1,[0.0784313753247261]
1479505725686409670,1,[0.09803921729326248]
1479505725786335081,1,[0.09803921729326248]
1479505725886410907,1,[0.09803921729326248]
1479505725986501487,1,[0.09803921729326248]
1479505726086430181,1,[0.0784313753247261]
1479505726186308727,1,[0.09803921729326248]
1479505726286415226,1,[0.09803921729326248]
1479505726386662071,1,[0.09803921729326248]
1479505726486318286,1,[0.09803921729326248]
1479505726586471132,1,[0.09803921729326248]
1479505726686326792,1,[0.09803921729326248]
1479505726786678275,1,[0.09803921729326248]
1479505726886276997,1,[0.09803921729326248]
1479505726986320405,1,[0.09803921729326248]
1479505727086313372,1,[0.09803921729326248]
1479505727186530387,1,[0.0784313753247261]
1479505727286266185,1,[0.09803921729326248]
1479505727386442070,1,[0.09803921729326248]
1479505727486371693,1,[0.09803921729326248]
1479505727586292245,1,[0.09803921729326248]
1479505727686263803,1,[0.09803921729326248]
1479505727786254888,1,[0.09803921729326248]
1479505727886461065,1,[0.09803921729326248]
1479505727986513547,1,[0.09803921729326248]
1479505728086259349,1,[0.0784313753247261]
1479505728186236199,1,[0.09803921729326248]
1479505728286382958,1,[0.09803921729326248]
1479505728386297650,1,[0.09803921729326248]
1479505728486534961,1,[0.0784313753247261]
1479505728586125334,1,[0.0784313753247261]
1479505728686234740,1,[0.11764705926179886]
1479505728786341364,1,[0.11764705926179886]
1479505728886205897,1,[0.09803921729326248]
1479505728986228641,1,[0.09803921729326248]
1479505729086221513,1,[0.09803921729326248]
1479505729186265004,1,[0.09803921729326248]
1479505729286148594,1,[0.09803921729326248]
1479505729386105766,1,[0.09803921729326248]
1479505729486239119,1,[0.0784313753247261]
1479505729586212451,1,[0.09803921729326248]
1479505729686203995,1,[0.09803921729326248]
1479505729786071114,1,[0.09803921729326248]
1479505729886088984,1,[0.09803921729326248]
1479505729986265615,1,[0.09803921729326248]
1479505730086200433,1,[0.09803921729326248]
1479505730186154041,1,[0.09803921729326248]
1479505730286272105,1,[0.09803921729326248]
1479505730386034868,1,[0.09803921729326248]
1479505730486278251,1,[0.09803921729326248]
1479505730586141158,1,[0.09803921729326248]
1479505730686372174,1,[0.09803921729326248]
1479505730786069474,1,[0.09803921729326248]
1479505730886066320,1,[0.09803921729326248]
1479505730986161172,1,[0.0784313753247261]
1479505731086036921,1,[0.09803921729326248]
1479505731186333046,1,[0.0784313753247261]
1479505731286211200,1,[0.09803921729326248]
1479505731386277101,1,[0.09803921729326248]
1479505731486011143,1,[0.09803921729326248]
1479505731586068493,1,[0.09803921729326248]
1479505731686291454,1,[0.09803921729326248]
1479505731786208528,1,[0.09803921729326248]
1479505731886090001,1,[0.09803921729326248]
1479505731986169580,1,[0.09803921729326248]
1479505732086137966,1,[0.09803921729326248]
1479505732186115204,1,[0.09803921729326248]
1479505732286464769,1,[0.09803921729326248]
1479505732386052701,1,[0.09803921729326248]
1479505732485984229,1,[0.09803921729326248]
1479505732585882024,1,[0.09803921729326248]
1479505732686170268,1,[0.09803921729326248]
1479505732786317451,1,[0.09803921729326248]
1479505732885928998,1,[0.09803921729326248]
1479505732985964014,1,[0.09803921729326248]
1479505733085917230,1,[0.09803921729326248]
1479505733186058389,1,[0.09803921729326248]
1479505733286051336,1,[0.09803921729326248]
1479505733385955866,1,[0.09803921729326248]
1479505733485995902,1,[0.09803921729326248]
1479505733585958361,1,[0.09803921729326248]
1479505733685906207,1,[0.09803921729326248]
1479505733785922565,1,[0.09803921729326248]
1479505733885958690,1,[0.09803921729326248]
1479505733986015078,1,[0.09803921729326248]
1479505734086141190,1,[0.09803921729326248]
1479505734185769483,1,[0.0784313753247261]
1479505734286018857,1,[0.0784313753247261]
1479505734385856586,1,[0.09803921729326248]
1479505734485941129,1,[0.09803921729326248]
1479505734585748205,1,[0.09803921729326248]
1479505734686131420,1,[0.09803921729326248]
1479505734785791201,1,[0.09803921729326248]
1479505734885889168,1,[0.09803921729326248]
1479505734985917111,1,[0.09803921729326248]
1479505735086032393,1,[0.0784313753247261]
1479505735186157530,1,[0.09803921729326248]
1479505735285991816,1,[0.09803921729326248]
1479505735385903382,1,[0.0784313753247261]
1479505735486042412,1,[0.09803921729326248]
1479505735585719843,1,[0.0784313753247261]
1479505735685704503,1,[0.09803921729326248]
1479505735785724135,1,[0.0784313753247261]
1479505735885980475,1,[0.09803921729326248]
1479505735985706947,1,[0.0784313753247261]
1479505736086149436,1,[0.09803921729326248]
1479505736185871593,1,[0.0784313753247261]
1479505736285779449,1,[0.09803921729326248]
1479505736385820502,1,[0.09803921729326248]
1479505736485699346,1,[0.09803921729326248]
1479505736585750963,1,[0.09803921729326248]
1479505736685756570,1,[0.09803921729326248]
1479505736785703927,1,[0.09803921729326248]
1479505736885648597,1,[0.0784313753247261]
1479505736985824607,1,[0.09803921729326248]
1479505737085683697,1,[0.09803921729326248]
1479505737185701923,1,[0.09803921729326248]
1479505737285764744,1,[0.09803921729326248]
1479505737385607687,1,[0.09803921729326248]
1479505737485782529,1,[0.0784313753247261]
1479505737585604584,1,[0.09803921729326248]
1479505737685721968,1,[0.09803921729326248]
1479505737785733591,1,[0.0784313753247261]
1479505737885667229,1,[0.11764705926179886]
1479505737985816562,1,[0.11764705926179886]
1479505738085858825,1,[0.09803921729326248]
1479505738185605664,1,[0.09803921729326248]
1479505738285733628,1,[0.09803921729326248]
1479505738385730203,1,[0.09803921729326248]
1479505738485710935,1,[0.0784313753247261]
1479505738585701206,1,[0.09803921729326248]
1479505738685782432,1,[0.09803921729326248]
1479505738786046462,1,[0.0784313753247261]
1479505738885611554,1,[0.09803921729326248]
1479505738985591634,1,[0.09803921729326248]
1479505739085657376,1,[0.0784313753247261]
1479505739185493699,1,[0.09803921729326248]
1479505739285694809,1,[0.09803921729326248]
1479505739385479812,1,[0.09803921729326248]
1479505739485537461,1,[0.09803921729326248]
1479505739585578293,1,[0.09803921729326248]
1479505739685588698,1,[0.09803921729326248]
1479505739785669939,1,[0.09803921729326248]
1479505739885535214,1,[0.09803921729326248]
1479505739985484781,1,[0.09803921729326248]
1479505740085709453,1,[0.09803921729326248]
1479505740185955419,1,[0.09803921729326248]
1479505740285976306,1,[0.09803921729326248]
1479505740385868873,1,[0.09803921729326248]
1479505740485995529,1,[0.0784313753247261]
1479505740585436462,1,[0.09803921729326248]
1479505740685630736,1,[0.09803921729326248]
1479505740785577324,1,[0.09803921729326248]
1479505740885983264,1,[0.09803921729326248]
1479505740985365787,1,[0.09803921729326248]
1479505741085422805,1,[0.09803921729326248]
1479505741185509907,1,[0.09803921729326248]
1479505741285424282,1,[0.09803921729326248]
1479505741385351570,1,[0.09803921729326248]
1479505741485375336,1,[0.0784313753247261]
1479505741585614662,1,[0.09803921729326248]
1479505741685400320,1,[0.09803921729326248]
1479505741785482446,1,[0.0784313753247261]
1479505741885439593,1,[0.09803921729326248]
1479505741985361839,1,[0.09803921729326248]
1479505742085339346,1,[0.09803921729326248]
1479505742185304804,1,[0.09803921729326248]
1479505742285329407,1,[0.0784313753247261]
1479505742385710172,1,[0.09803921729326248]
1479505742485473724,1,[0.09803921729326248]
1479505742585757199,1,[0.09803921729326248]
1479505742685455381,1,[0.09803921729326248]
1479505742785555693,1,[0.09803921729326248]
1479505742885432956,1,[0.09803921729326248]
1479505742985394192,1,[0.09803921729326248]
1479505743085591013,1,[0.09803921729326248]
1479505743185410782,1,[0.09803921729326248]
1479505743285311456,1,[0.09803921729326248]
1479505743385249181,1,[0.09803921729326248]
1479505743485324328,1,[0.09803921729326248]
1479505743585510040,1,[0.09803921729326248]
